Territorio,Tipo de territorio,1r tr 2000,2n tr 2000,3r tr 2000,4t tr 2000,1r tr 2001,2n tr 2001,3r tr 2001,4t tr 2001,1r tr 2002,2n tr 2002,3r tr 2002,4t tr 2002,1r tr 2003,2n tr 2003,3r tr 2003,4t tr 2003,1r tr 2004,2n tr 2004,3r tr 2004,4t tr 2004,1r tr 2005,2n tr 2005,3r tr 2005,4t tr 2005,1r tr 2006,2n tr 2006,3r tr 2006,4t tr 2006,1r tr 2007,2n tr 2007,3r tr 2007,4t tr 2007,1r tr 2008,2n tr 2008,3r tr 2008,4t tr 2008,1r tr 2009,2n tr 2009,3r tr 2009,4t tr 2009,1r tr 2010,2n tr 2010,3r tr 2010,4t tr 2010,1r tr 2011,2n tr 2011,3r tr 2011,4t tr 2011,1r tr 2012,2n tr 2012,3r tr 2012,4t tr 2012,1r tr 2013,2n tr 2013,3r tr 2013,4t tr 2013,1r tr 2014,2n tr 2014,3r tr 2014,4t tr 2014,1r tr 2015,2n tr 2015,3r tr 2015,4t tr 2015,1r tr 2016,2n tr 2016,3r tr 2016,4t tr 2016,1r tr 2017,2n tr 2017,3r tr 2017,4t tr 2017,1r tr 2018,2n tr 2018,3r tr 2018,4t tr 2018,1r tr 2019,2n tr 2019,3r tr 2019,4t tr 2019,1r tr 2020,2n tr 2020,3r tr 2020,4t tr 2020,1r tr 2021,2n tr 2021,3r tr 2021,4t tr 2021,1r tr 2022,2n tr 2022,3r tr 2022,4t tr 2022,1r tr 2023,2n tr 2023,3r tr 2023,4t tr 2023,1r tr 2024,2n tr 2024,3r tr 2024,4t tr 2024,1r tr 2025,2n tr 2025,3r tr 2025
Catalunya,Comunitat Autònoma,-,-,-,-,-,-,-,-,-,-,-,-,-,-,-,-,-,-,-,-,"527,7","553,3","554,8","568,9","574,6","595,2","612,2","627,5","632,3","631,8","651,7","663,8","662,2","672,3","693,9","683,3","670,4","650,0","644,0","641,3","622,7","611,8","621,1","605,1","594,5","595,4","608,5","598,4","578,6","568,1","572,4","566,5","547,2","535,6","544,8","541,6","532,9","528,5","544,8","551,1","543,2","541,5","572,2","572,4","569,8","574,5","615,3","622,0","626,0","638,5","677,2","675,3","672,4","688,6","717,8","715,5","711,3","724,9","755,4","750,9","737,8","724,4","745,4","725,3","713,3","713,2","737,5","733,2","738,1","759,9","805,7","815,0","812,9","830,3","848,4","854,1","868,9","823,0","839,4","840,3","827,8","854,7","876,8"
Metropolità de Barcelona,Àmbit funcional territorial,-,-,-,-,-,-,-,-,-,-,-,-,-,-,-,-,-,-,-,-,"566,9","597,6","602,7","613,7","624,8","642,1","662,4","674,9","685,8","692,5","725,9","730,3","732,5","744,1","767,9","752,4","745,0","721,8","713,4","708,8","699,1","681,5","695,0","676,7","668,6","665,5","681,6","667,7","647,8","634,3","644,6","633,9","609,9","597,5","606,5","601,3","593,3","590,4","611,3","617,9","610,0","617,8","656,6","654,8","650,7","662,1","709,1","717,1","721,3","738,5","777,2","772,6","771,3","787,0","822,3","822,9","816,5","833,1","868,5","859,9","847,3","834,0","858,7","825,9","806,6","812,9","837,1","830,9","843,1","864,9","917,9","930,2","926,8","950,8","980,7","993,2","1.003,6","955,1","974,2","978,0","953,6","989,1","1.017,0"
Barcelona,Municipi,"387,7","398,9","421,1","426,4","433,4","452,8","467,6","500,8","532,0","496,0","515,0","533,9","518,0","539,9","557,8","580,5","573,7","565,1","596,7","601,6","603,9","638,9","644,0","653,9","659,0","687,7","705,8","729,1","743,9","742,8","790,8","788,6","793,4","809,1","833,3","816,2","821,6","787,7","787,6","781,6","776,0","758,6","760,4","754,9","746,3","744,7","766,8","753,0","732,5","710,7","720,4","718,0","686,9","676,6","681,2","681,7","674,9","667,9","702,0","705,7","702,0","713,9","765,2","755,1","755,2","774,1","826,0","843,4","845,1","865,0","903,4","889,6","897,9","916,3","948,9","954,3","944,4","968,9","1.005,8","995,6","980,5","960,1","979,4","939,1","905,4","903,3","932,3","934,2","965,4","996,6","1.066,7","1.077,5","1.087,3","1.123,6","1.171,3","1.178,0","1.193,4","1.131,8","1.133,3","1.117,4","1.087,2","1.135,5","1.153,1"
Ciutat Vella,Districte,"286,9","301,3","338,7","370,1","345,3","352,8","342,3","360,3","433,5","399,0","412,9","403,2","413,9","434,5","459,5","460,8","489,7","418,9","475,6","501,9","498,9","554,5","535,2","565,9","637,2","578,5","525,3","646,3","637,4","616,4","684,2","707,2","676,9","723,4","771,2","746,6","743,1","713,3","687,8","721,5","711,0","669,8","667,0","672,3","653,8","651,6","655,2","690,6","655,3","643,8","630,2","646,8","625,2","607,0","615,3","627,5","631,0","612,3","646,5","666,1","655,2","658,6","687,1","700,2","704,5","715,9","751,6","783,3","802,9","815,3","848,1","847,9","875,7","923,7","920,4","936,3","924,5","960,2","960,3","939,0","962,2","906,8","907,8","871,0","827,9","839,3","856,3","864,1","1.018,9","966,2","1.009,3","1.035,4","1.054,0","1.063,6","1.104,9","1.108,0","1.128,8","1.023,2","1.039,0","1.036,0","984,1","1.057,6","1.007,0"
el Raval,Barri,-,-,-,-,-,-,-,-,-,-,-,-,-,-,-,-,-,-,-,-,-,-,-,-,-,-,-,-,-,-,-,-,-,-,-,-,-,-,-,-,-,-,-,-,-,-,-,-,-,-,-,-,-,-,-,-,"589,5","550,6","576,5","597,0","601,3","598,9","654,0","644,7","624,4","662,3","666,2","716,7","735,0","714,3","764,9","776,7","792,7","820,9","849,3","827,3","822,6","867,0","869,1","844,9","864,5","853,3","833,9","787,0","759,2","774,2","770,5","772,8","917,0","872,0","928,1","929,0","946,8","905,4","1.000,2","997,3","1.046,4","910,3","978,1","936,7","921,9","969,9","947,0"
el Barri Gòtic,Barri,-,-,-,-,-,-,-,-,-,-,-,-,-,-,-,-,-,-,-,-,-,-,-,-,-,-,-,-,-,-,-,-,-,-,-,-,-,-,-,-,-,-,-,-,-,-,-,-,-,-,-,-,-,-,-,-,"712,8","728,8","790,7","761,7","756,7","771,1","773,0","831,1","893,4","806,2","851,6","914,0","905,3","968,2","1.028,5","993,2","998,4","1.024,3","1.012,5","1.057,3","1.060,9","1.112,1","1.082,4","1.139,7","1.110,2","1.041,0","982,5","1.003,9","929,6","934,1","968,4","953,0","1.181,6","1.062,5","1.111,3","1.163,3","1.279,5","1.293,9","1.206,5","1.267,0","1.270,7","1.153,2","1.153,9","1.176,7","1.137,4","1.276,7","1.144,9"
la Barceloneta,Barri,-,-,-,-,-,-,-,-,-,-,-,-,-,-,-,-,-,-,-,-,-,-,-,-,-,-,-,-,-,-,-,-,-,-,-,-,-,-,-,-,-,-,-,-,-,-,-,-,-,-,-,-,-,-,-,-,"540,7","541,9","578,9","593,7","581,3","598,2","630,0","601,4","638,7","659,3","686,6","686,3","722,8","738,3","758,2","766,0","870,8","923,4","889,2","913,2","891,3","924,0","871,6","893,0","899,5","856,5","823,1","875,0","808,9","814,8","826,0","877,9","999,8","900,5","922,9","954,8","978,7","1.002,2","980,3","1.002,5","1.112,4","987,4","914,8","1.035,1","854,8","956,7","844,6"
"Sant Pere, Santa Caterina i la Ribera",Barri,-,-,-,-,-,-,-,-,-,-,-,-,-,-,-,-,-,-,-,-,-,-,-,-,-,-,-,-,-,-,-,-,-,-,-,-,-,-,-,-,-,-,-,-,-,-,-,-,-,-,-,-,-,-,-,-,"673,4","677,0","699,1","687,3","697,2","708,0","729,0","751,6","759,2","773,6","839,6","854,2","895,3","930,1","927,2","914,8","923,4","991,4","971,0","1.000,5","990,2","1.010,1","1.020,2","966,4","1.030,0","919,8","970,9","888,9","879,4","862,1","889,1","922,8","1.022,8","1.051,4","1.084,9","1.128,9","1.065,8","1.107,5","1.229,1","1.201,2","1.177,9","1.126,9","1.120,1","1.080,0","1.045,9","1.079,0","1.085,6"
Eixample,Districte,"425,8","417,8","452,8","453,8","464,0","496,6","515,7","568,5","567,8","550,3","553,3","583,6","567,4","584,0","598,0","626,5","624,4","619,0","650,1","645,7","679,3","706,1","704,6","720,6","686,3","739,1","765,4","808,2","808,6","791,4","851,6","868,2","879,9","884,9","909,2","893,0","887,4","871,6","856,3","845,7","828,7","830,5","840,2","834,1","822,0","814,9","824,4","825,3","801,3","791,9","805,6","802,5","764,6","760,2","765,7","763,6","761,7","764,2","787,5","792,2","797,1","817,4","853,1","852,2","880,1","885,3","941,0","953,1","956,2","987,6","1.007,0","1.004,8","994,8","1.022,4","1.049,4","1.086,0","1.060,6","1.073,3","1.114,5","1.121,4","1.106,7","1.067,8","1.093,4","1.034,3","992,0","999,7","1.008,8","1.033,0","1.068,9","1.103,3","1.183,1","1.210,3","1.214,5","1.276,4","1.292,7","1.323,4","1.349,9","1.258,2","1.264,3","1.253,1","1.238,4","1.276,1","1.304,0"
el Fort Pienc,Barri,-,-,-,-,-,-,-,-,-,-,-,-,-,-,-,-,-,-,-,-,-,-,-,-,-,-,-,-,-,-,-,-,-,-,-,-,-,-,-,-,-,-,-,-,-,-,-,-,-,-,-,-,-,-,-,-,"736,1","706,2","719,8","736,0","753,8","770,1","753,0","792,5","800,1","808,1","868,3","816,5","871,1","885,0","933,5","910,8","910,5","943,0","968,8","983,1","957,2","988,7","1.031,3","1.064,4","1.059,9","999,9","997,4","959,5","918,0","907,1","970,2","976,9","957,9","1.106,9","1.118,7","1.119,2","1.155,8","1.185,4","1.171,8","1.206,0","1.221,1","1.142,4","1.183,5","1.162,8","1.124,1","1.119,6","1.193,5"
la Sagrada Família,Barri,-,-,-,-,-,-,-,-,-,-,-,-,-,-,-,-,-,-,-,-,-,-,-,-,-,-,-,-,-,-,-,-,-,-,-,-,-,-,-,-,-,-,-,-,-,-,-,-,-,-,-,-,-,-,-,-,"673,4","663,2","697,7","687,3","679,0","704,4","739,0","726,9","752,4","739,9","799,4","806,4","847,0","868,0","906,8","877,0","883,8","893,4","934,9","930,0","936,3","942,9","979,6","980,0","952,6","943,5","973,0","902,1","887,1","887,4","912,4","924,4","984,3","985,9","1.038,7","1.071,5","1.067,9","1.089,2","1.126,8","1.185,5","1.197,0","1.145,9","1.110,3","1.090,5","1.105,5","1.077,1","1.141,6"
la Dreta de l'Eixample,Barri,-,-,-,-,-,-,-,-,-,-,-,-,-,-,-,-,-,-,-,-,-,-,-,-,-,-,-,-,-,-,-,-,-,-,-,-,-,-,-,-,-,-,-,-,-,-,-,-,-,-,-,-,-,-,-,-,"921,4","949,0","934,5","976,0","957,6","988,9","1.052,0","1.035,1","1.104,3","1.120,4","1.144,0","1.174,4","1.151,1","1.218,2","1.179,1","1.225,1","1.191,4","1.263,1","1.216,7","1.340,4","1.269,1","1.277,9","1.348,9","1.333,0","1.349,6","1.249,4","1.273,9","1.208,8","1.176,7","1.196,3","1.168,4","1.220,8","1.294,8","1.328,6","1.445,6","1.498,4","1.519,8","1.597,5","1.588,4","1.608,1","1.633,5","1.502,4","1.570,6","1.562,6","1.520,1","1.587,0","1.584,0"
l'Antiga Esquerra de l'Eixample,Barri,-,-,-,-,-,-,-,-,-,-,-,-,-,-,-,-,-,-,-,-,-,-,-,-,-,-,-,-,-,-,-,-,-,-,-,-,-,-,-,-,-,-,-,-,-,-,-,-,-,-,-,-,-,-,-,-,"827,9","821,8","869,7","848,6","859,6","906,1","926,0","941,6","947,3","960,8","986,2","1.012,2","1.001,5","1.044,3","1.098,2","1.081,3","1.069,2","1.078,1","1.136,2","1.164,3","1.123,0","1.139,8","1.194,4","1.187,6","1.150,8","1.159,0","1.192,3","1.126,0","1.040,2","1.070,1","1.072,9","1.114,9","1.105,7","1.174,6","1.252,2","1.263,4","1.281,5","1.340,1","1.378,3","1.422,3","1.436,1","1.323,3","1.368,5","1.335,1","1.347,5","1.384,3","1.435,6"
la Nova Esquerra de l'Eixample,Barri,-,-,-,-,-,-,-,-,-,-,-,-,-,-,-,-,-,-,-,-,-,-,-,-,-,-,-,-,-,-,-,-,-,-,-,-,-,-,-,-,-,-,-,-,-,-,-,-,-,-,-,-,-,-,-,-,"716,1","708,0","746,8","753,6","766,2","766,9","807,0","789,8","811,6","842,5","890,5","926,2","909,1","950,0","950,2","957,0","947,9","975,5","1.003,9","1.017,6","1.008,5","1.032,9","1.081,4","1.083,7","1.043,8","1.029,5","1.067,4","1.001,4","964,0","953,3","968,6","965,9","1.009,3","1.012,2","1.113,9","1.145,8","1.131,2","1.178,3","1.207,4","1.200,2","1.286,8","1.206,8","1.173,1","1.187,8","1.179,8","1.193,0","1.199,6"
Sant Antoni,Barri,-,-,-,-,-,-,-,-,-,-,-,-,-,-,-,-,-,-,-,-,-,-,-,-,-,-,-,-,-,-,-,-,-,-,-,-,-,-,-,-,-,-,-,-,-,-,-,-,-,-,-,-,-,-,-,-,"693,4","718,0","713,9","720,1","740,4","746,0","798,0","772,1","805,9","793,6","883,3","882,5","877,0","887,8","922,5","905,8","900,0","907,4","970,3","960,3","986,2","985,2","987,2","1.018,4","1.010,5","986,1","959,3","940,7","898,7","928,8","934,3","955,7","999,9","1.004,3","1.072,2","1.081,0","1.061,0","1.132,4","1.155,0","1.201,5","1.184,8","1.126,9","1.098,6","1.103,0","1.037,7","1.120,5","1.114,1"
Sants-Montjuïc,Districte,"313,0","344,4","348,2","343,5","350,0","370,0","389,9","408,0","470,3","420,3","424,2","433,0","420,7","438,2","475,2","477,8","479,2","480,7","524,0","509,4","528,7","546,2","575,9","581,5","609,3","609,6","627,8","636,2","641,6","654,7","681,3","700,5","701,6","720,8","751,7","729,8","716,3","696,7","696,0","691,1","676,9","675,7","666,1","669,7","665,3","670,2","680,7","669,7","643,9","631,7","629,8","628,5","597,0","591,7","591,9","604,7","587,1","580,6","604,8","619,4","597,3","604,6","652,9","638,8","622,2","664,0","706,6","715,0","719,9","754,5","791,3","779,0","785,1","786,6","824,1","819,5","828,6","837,4","864,7","837,2","859,3","851,2","855,9","825,0","800,0","789,0","806,6","803,1","840,0","883,6","944,6","988,3","1.015,9","1.025,9","1.027,6","1.066,7","1.026,5","971,3","938,9","978,7","999,2","993,2","1.002,6"
el Poble Sec - AEI Parc Montjuïc,Barri,-,-,-,-,-,-,-,-,-,-,-,-,-,-,-,-,-,-,-,-,-,-,-,-,-,-,-,-,-,-,-,-,-,-,-,-,-,-,-,-,-,-,-,-,-,-,-,-,-,-,-,-,-,-,-,-,"568,0","578,7","580,9","602,5","578,8","598,5","631,0","638,5","622,2","651,2","696,7","706,1","715,7","756,8","759,9","760,2","783,5","788,2","822,0","813,7","815,8","823,4","865,8","846,2","837,0","856,2","820,2","810,2","781,6","773,7","787,0","777,9","846,2","879,3","888,3","913,6","887,1","955,2","930,6","988,1","1.028,6","941,0","922,8","929,6","932,9","915,1","952,6"
la Marina del Prat Vermell - AEI Zona Franca,Barri,-,-,-,-,-,-,-,-,-,-,-,-,-,-,-,-,-,-,-,-,-,-,-,-,-,-,-,-,-,-,-,-,-,-,-,-,-,-,-,-,-,-,-,-,-,-,-,-,-,-,-,-,-,-,-,-,-,-,-,-,-,"381,1",-,"411,4","360,9",-,-,-,-,-,-,-,-,-,-,-,-,-,-,"350,5",-,-,-,-,-,-,-,-,-,"1.407,9","1.380,0","1.546,6","1.388,0","1.463,3",-,"1.603,2","730,0","931,5","526,8","1.129,4","1.451,1","726,4","1.448,4"
la Marina de Port,Barri,-,-,-,-,-,-,-,-,-,-,-,-,-,-,-,-,-,-,-,-,-,-,-,-,-,-,-,-,-,-,-,-,-,-,-,-,-,-,-,-,-,-,-,-,-,-,-,-,-,-,-,-,-,-,-,-,"553,6","454,4","542,8","574,4","492,5","536,2","565,0","566,0","447,6","548,5","577,5","613,2","689,2","634,3","711,9","728,1","751,6","719,3","755,2","778,5","714,9","753,1","790,1","816,7","810,1","687,8","828,2","762,7","810,6","772,4","698,5","691,9","728,7","638,8","785,9","738,1","850,2","872,7","867,3","996,8","1.010,3","814,1","708,4","850,9","860,8","863,2","899,3"
la Font de la Guatlla,Barri,-,-,-,-,-,-,-,-,-,-,-,-,-,-,-,-,-,-,-,-,-,-,-,-,-,-,-,-,-,-,-,-,-,-,-,-,-,-,-,-,-,-,-,-,-,-,-,-,-,-,-,-,-,-,-,-,"631,5","624,9","630,9","679,6","728,2","687,3","735,0","648,8","638,7","751,7","764,4","786,4","806,3","785,0","817,6","827,4","842,3","834,7","871,4","810,2","857,6","854,2","881,5","868,8","882,4","825,5","873,9","834,3","799,5","810,8","858,7","827,2","823,9","912,1","971,9","988,9","994,9","1.053,2","1.049,6","1.123,9","1.081,2","1.104,0","981,2","922,8","1.030,0","1.064,4","1.000,6"
Hostafrancs,Barri,-,-,-,-,-,-,-,-,-,-,-,-,-,-,-,-,-,-,-,-,-,-,-,-,-,-,-,-,-,-,-,-,-,-,-,-,-,-,-,-,-,-,-,-,-,-,-,-,-,-,-,-,-,-,-,-,"580,7","584,9","605,6","603,9","614,2","601,6","632,0","640,9","662,3","673,2","702,7","703,3","680,2","749,6","777,6","771,8","754,8","801,4","814,6","811,0","810,0","824,2","834,6","854,4","865,0","867,8","842,1","842,9","778,4","772,8","804,6","809,5","835,7","826,2","910,5","935,6","945,6","957,3","1.023,1","957,5","982,5","928,1","959,2","967,8","878,7","1.038,1","950,4"
la Bordeta,Barri,-,-,-,-,-,-,-,-,-,-,-,-,-,-,-,-,-,-,-,-,-,-,-,-,-,-,-,-,-,-,-,-,-,-,-,-,-,-,-,-,-,-,-,-,-,-,-,-,-,-,-,-,-,-,-,-,"604,7","616,4","603,2","621,7","621,7","607,7","661,0","657,9","645,2","672,1","674,9","730,4","739,3","761,0","861,7","786,5","785,8","757,3","830,3","825,4","844,1","859,5","832,9","870,0","870,0","893,6","892,3","817,4","807,6","815,4","832,5","872,5","971,8","1.025,0","1.136,7","1.245,0","1.393,9","1.335,9","1.335,8","1.191,3","1.196,5","1.120,9","1.188,2","1.232,5","1.225,0","1.207,7","1.167,2"
Sants - Badal,Barri,-,-,-,-,-,-,-,-,-,-,-,-,-,-,-,-,-,-,-,-,-,-,-,-,-,-,-,-,-,-,-,-,-,-,-,-,-,-,-,-,-,-,-,-,-,-,-,-,-,-,-,-,-,-,-,-,"584,3","569,7","629,6","602,3","606,5","606,8","652,0","635,3","629,7","702,9","710,5","711,1","697,6","766,1","796,5","772,9","764,4","755,3","786,8","831,2","823,5","858,4","888,3","838,0","858,3","849,5","858,2","823,2","788,1","778,1","805,9","800,0","805,4","848,5","930,1","933,3","926,1","950,0","983,8","1.074,6","989,4","951,3","990,0","925,4","940,1","915,2","985,3"
Sants,Barri,-,-,-,-,-,-,-,-,-,-,-,-,-,-,-,-,-,-,-,-,-,-,-,-,-,-,-,-,-,-,-,-,-,-,-,-,-,-,-,-,-,-,-,-,-,-,-,-,-,-,-,-,-,-,-,-,"605,3","618,8","624,8","647,1","616,0","627,9","701,0","658,4","664,7","681,4","740,5","740,3","737,3","780,3","812,5","806,6","802,6","811,7","856,6","834,6","873,0","867,5","884,3","884,8","891,4","874,3","883,1","850,3","829,1","815,4","836,7","833,7","849,4","885,6","940,3","952,2","959,1","985,7","1.033,6","1.064,8","1.062,8","993,2","1.003,2","962,4","960,9","1.003,9","1.002,6"
Les Corts,Districte,"527,6","566,7","589,8","596,0","658,5","533,5","629,9","684,0","630,1","591,7","583,9","671,5","599,2","646,9","724,4","696,8","651,3","685,9","723,9","736,0","743,3","653,3","794,1","790,5","766,0","793,7","866,6","877,0","958,0","924,2","991,0","943,9","958,4","938,4","1.020,1","1.024,2","911,8","956,4","920,8","942,9","878,9","916,6","926,6","907,8","887,2","874,4","895,1","903,4","878,2","836,0","885,4","868,7","827,8","825,3","826,7","826,9","808,6","845,8","864,4","885,9","862,4","881,7","978,6","955,1","923,4","971,2","1.007,8","1.019,7","1.005,3","1.043,4","1.089,1","1.060,8","1.095,8","1.046,4","1.142,2","1.062,8","1.111,2","1.131,5","1.179,7","1.200,7","1.105,1","1.117,4","1.143,2","1.088,8","1.027,4","1.032,3","1.080,3","1.071,3","1.081,8","1.133,7","1.255,4","1.259,2","1.190,2","1.272,8","1.363,3","1.376,2","1.388,2","1.340,0","1.381,6","1.265,6","1.253,0","1.322,4","1.387,3"
les Corts,Barri,-,-,-,-,-,-,-,-,-,-,-,-,-,-,-,-,-,-,-,-,-,-,-,-,-,-,-,-,-,-,-,-,-,-,-,-,-,-,-,-,-,-,-,-,-,-,-,-,-,-,-,-,-,-,-,-,"777,2","765,3","786,3","802,2","822,4","817,2","860,0","909,3","892,7","912,5","950,0","983,5","936,3","1.006,8","1.013,6","1.043,8","1.002,3","1.038,7","1.078,0","1.031,5","1.070,0","1.085,1","1.113,9","1.116,2","1.069,9","1.096,6","1.058,1","1.037,9","990,3","998,8","1.017,0","1.052,8","995,0","1.067,8","1.203,4","1.227,2","1.102,3","1.242,6","1.260,6","1.285,7","1.321,8","1.255,3","1.280,9","1.249,1","1.263,4","1.342,7","1.299,0"
la Maternitat i Sant Ramon,Barri,-,-,-,-,-,-,-,-,-,-,-,-,-,-,-,-,-,-,-,-,-,-,-,-,-,-,-,-,-,-,-,-,-,-,-,-,-,-,-,-,-,-,-,-,-,-,-,-,-,-,-,-,-,-,-,-,"700,2","748,6","768,5","806,4","728,0","679,5","814,0","764,8","777,9","821,2","892,3","866,4","896,4","882,1","970,7","935,4","948,8","959,3","1.013,3","960,0","938,5","973,0","1.040,3","1.078,1","989,6","946,1","1.012,4","993,3","927,3","904,8","982,9","920,6","1.018,6","993,1","1.107,2","1.154,4","1.105,8","1.140,0","1.251,4","1.277,7","1.202,1","1.142,7","1.223,4","1.096,4","1.132,9","1.121,2","1.188,8"
Pedralbes,Barri,-,-,-,-,-,-,-,-,-,-,-,-,-,-,-,-,-,-,-,-,-,-,-,-,-,-,-,-,-,-,-,-,-,-,-,-,-,-,-,-,-,-,-,-,-,-,-,-,-,-,-,-,-,-,-,-,"1.230,0","1.459,1","1.506,2","1.762,1","1.250,8","1.711,4","2.034,0","1.860,3","1.572,6","1.660,4","1.689,6","1.692,2","1.856,6","1.666,6","1.882,4","1.737,9","1.799,9","1.563,3","1.849,5","1.615,3","1.732,5","1.746,7","1.950,1","2.023,4","1.626,9","1.822,7","1.932,3","1.577,1","1.598,2","1.680,3","1.816,5","1.679,3","1.649,8","1.944,5","1.946,1","1.737,4","1.901,0","1.728,4","2.174,3","2.078,6","2.118,7","2.057,9","2.261,7","1.877,5","1.505,6","1.749,5","2.119,1"
Sarrià-Sant Gervasi,Districte,"648,8","670,9","607,8","604,2","630,7","657,4","689,6","656,8","738,9","743,6","728,4","756,3","742,4","743,1","746,8","811,0","854,0","822,4","814,2","808,0","832,2","900,3","876,9","846,5","796,8","908,8","986,8","979,3","1.006,3","1.005,0","1.027,3","1.019,9","1.060,4","1.071,7","1.084,9","1.104,8","1.081,8","1.013,7","1.054,7","986,9","999,8","986,3","988,9","1.017,7","979,3","1.043,8","1.044,7","999,3","1.017,1","980,5","975,4","970,3","938,3","927,7","936,2","939,1","971,2","956,6","1.004,8","977,8","977,3","1.021,9","1.127,0","1.067,0","1.099,9","1.125,8","1.157,1","1.186,4","1.182,5","1.226,8","1.291,9","1.210,6","1.223,2","1.241,5","1.319,5","1.286,5","1.266,1","1.297,7","1.335,0","1.360,8","1.325,3","1.285,3","1.322,4","1.281,2","1.229,0","1.238,3","1.252,0","1.265,7","1.264,9","1.362,4","1.467,7","1.446,4","1.442,4","1.553,6","1.668,8","1.563,2","1.651,8","1.572,2","1.639,5","1.586,7","1.566,6","1.589,4","1.625,4"
"Vallvidrera, el Tibidabo i les Planes",Barri,-,-,-,-,-,-,-,-,-,-,-,-,-,-,-,-,-,-,-,-,-,-,-,-,-,-,-,-,-,-,-,-,-,-,-,-,-,-,-,-,-,-,-,-,-,-,-,-,-,-,-,-,-,-,-,-,"837,3","1.051,2","988,7","1.754,4","1.335,7","824,4","1.119,0","841,1","933,9","1.117,7","1.302,1","1.354,6","1.248,0","1.101,7","1.360,4","1.213,9","895,7","860,1","1.102,3","898,3","1.103,5","1.121,6","1.355,5","1.220,0","1.191,3","1.078,1","1.192,8","1.390,0","1.531,7","1.074,7","1.009,5","1.214,5","1.102,2","894,9","1.364,7","1.135,2","991,1","1.240,9","1.443,9","1.383,4","1.337,8","1.393,1","1.631,7","1.628,7","1.443,9","1.778,7","1.480,2"
Sarrià,Barri,-,-,-,-,-,-,-,-,-,-,-,-,-,-,-,-,-,-,-,-,-,-,-,-,-,-,-,-,-,-,-,-,-,-,-,-,-,-,-,-,-,-,-,-,-,-,-,-,-,-,-,-,-,-,-,-,"1.042,2","1.030,3","1.081,1","1.004,4","917,1","1.101,2","1.156,0","1.227,3","1.195,7","1.197,6","1.172,9","1.185,8","1.291,5","1.423,9","1.364,0","1.334,8","1.249,2","1.332,3","1.443,7","1.422,8","1.297,7","1.334,2","1.449,5","1.398,4","1.417,7","1.432,2","1.314,4","1.338,4","1.263,9","1.298,0","1.345,2","1.292,9","1.362,6","1.349,3","1.541,4","1.443,5","1.359,0","1.559,9","1.641,5","1.593,1","1.622,4","1.465,4","1.576,4","1.577,3","1.683,0","1.648,5","1.724,5"
les Tres Torres,Barri,-,-,-,-,-,-,-,-,-,-,-,-,-,-,-,-,-,-,-,-,-,-,-,-,-,-,-,-,-,-,-,-,-,-,-,-,-,-,-,-,-,-,-,-,-,-,-,-,-,-,-,-,-,-,-,-,"1.215,8","1.327,2","1.386,1","1.352,1","1.335,6","1.337,8","1.462,0","1.386,0","1.380,7","1.560,7","1.619,0","1.490,7","1.516,5","1.646,8","1.757,0","1.588,5","1.613,4","1.467,1","1.746,0","1.567,9","1.645,9","1.602,5","1.614,8","1.745,0","1.662,4","1.679,1","1.699,4","1.729,5","1.578,0","1.429,0","1.566,5","1.597,4","1.630,8","1.767,0","1.990,2","1.824,2","1.750,2","1.859,8","2.246,6","1.927,0","2.048,5","2.020,4","2.072,7","2.132,0","1.839,7","2.235,5","1.983,6"
Sant Gervasi - la Bonanova,Barri,-,-,-,-,-,-,-,-,-,-,-,-,-,-,-,-,-,-,-,-,-,-,-,-,-,-,-,-,-,-,-,-,-,-,-,-,-,-,-,-,-,-,-,-,-,-,-,-,-,-,-,-,-,-,-,-,"927,6","920,6","963,6","948,3","954,0","1.056,1","1.073,0","1.076,8","1.116,5","1.096,7","1.083,5","1.197,7","1.182,1","1.236,2","1.324,4","1.198,2","1.247,7","1.288,8","1.322,6","1.283,2","1.226,4","1.310,0","1.317,0","1.361,6","1.311,5","1.272,1","1.321,9","1.286,0","1.264,8","1.226,1","1.159,6","1.219,6","1.195,0","1.369,1","1.473,1","1.422,5","1.511,1","1.496,8","1.555,8","1.478,7","1.660,2","1.624,6","1.836,7","1.556,6","1.646,5","1.624,7","1.633,8"
Sant Gervasi - Galvany,Barri,-,-,-,-,-,-,-,-,-,-,-,-,-,-,-,-,-,-,-,-,-,-,-,-,-,-,-,-,-,-,-,-,-,-,-,-,-,-,-,-,-,-,-,-,-,-,-,-,-,-,-,-,-,-,-,-,"1.053,7","1.006,6","1.078,8","1.047,5","1.088,7","1.095,7","1.262,0","1.153,9","1.187,6","1.189,1","1.278,7","1.299,0","1.268,6","1.287,2","1.377,8","1.315,8","1.310,4","1.328,1","1.374,3","1.374,8","1.357,9","1.360,3","1.412,2","1.455,9","1.388,9","1.304,4","1.427,9","1.307,1","1.294,9","1.339,1","1.352,5","1.433,7","1.341,5","1.484,5","1.550,1","1.599,8","1.565,0","1.730,5","1.833,6","1.677,0","1.780,6","1.722,1","1.712,2","1.722,0","1.702,4","1.660,6","1.803,0"
el Putxet i el Farró,Barri,-,-,-,-,-,-,-,-,-,-,-,-,-,-,-,-,-,-,-,-,-,-,-,-,-,-,-,-,-,-,-,-,-,-,-,-,-,-,-,-,-,-,-,-,-,-,-,-,-,-,-,-,-,-,-,-,"750,8","761,4","766,3","761,7","758,4","790,2","840,0","808,4","827,8","891,6","876,8","904,2","913,5","902,4","962,4","938,2","946,6","972,9","1.021,3","1.031,5","1.057,1","1.115,7","1.070,2","1.099,8","1.053,9","1.073,3","1.073,4","1.033,3","990,1","1.024,4","1.004,7","998,3","1.054,9","1.108,6","1.149,9","1.151,7","1.194,3","1.242,8","1.284,9","1.310,5","1.331,2","1.271,0","1.249,8","1.250,2","1.174,2","1.176,4","1.205,6"
Gràcia,Districte,"348,6","372,0","393,2","374,2","385,8","410,2","432,7","462,7","547,0","466,5","469,6","497,6","480,5","484,2","513,4","543,4","505,5","545,2","580,8","561,8","610,1","618,5","620,8","632,8","633,2","652,0","686,3","703,4","728,5","720,9","760,1","758,9","766,6","781,1","812,9","807,3","782,1","768,4","748,6","756,4","743,0","742,4","746,7","725,1","735,6","724,7","750,4","736,8","716,1","717,6","702,9","691,6","653,6","655,9","659,7","667,1","669,8","665,9","683,9","676,1","704,0","708,2","734,4","737,0","754,3","764,3","814,4","813,9","845,4","859,4","868,1","853,1","881,1","897,2","910,1","929,6","920,7","957,6","976,7","974,4","955,7","967,9","948,4","939,4","894,4","880,6","898,1","912,9","961,0","973,2","1.031,4","1.033,8","1.091,7","1.099,9","1.149,4","1.143,5","1.201,1","1.146,3","1.130,1","1.111,7","1.041,6","1.083,7","1.108,1"
Vallcarca i els Penitents,Barri,-,-,-,-,-,-,-,-,-,-,-,-,-,-,-,-,-,-,-,-,-,-,-,-,-,-,-,-,-,-,-,-,-,-,-,-,-,-,-,-,-,-,-,-,-,-,-,-,-,-,-,-,-,-,-,-,"679,7","648,3","642,7","691,9","777,2","712,8","713,0","745,3","741,4","755,9","830,2","818,7","946,6","917,8","912,5","875,5","886,3","939,0","905,8","971,5","907,5","1.028,9","953,7","987,0","966,4","1.060,5","909,9","1.026,8","959,0","924,5","961,0","920,1","947,8","969,3","1.073,6","1.023,6","1.128,5","1.115,9","1.128,0","1.189,2","1.236,5","1.118,3","1.210,7","1.145,6","1.128,7","1.051,8","1.126,9"
el Coll,Barri,-,-,-,-,-,-,-,-,-,-,-,-,-,-,-,-,-,-,-,-,-,-,-,-,-,-,-,-,-,-,-,-,-,-,-,-,-,-,-,-,-,-,-,-,-,-,-,-,-,-,-,-,-,-,-,-,"583,9","551,4","537,1","552,8","576,4","539,6","576,0","542,7","590,5","592,8","635,1","653,7","687,4","701,3","799,4","711,6","741,2","716,3","756,4","748,9","750,6","819,8","813,8","817,5","814,8","910,3","777,6","790,4","745,4","796,8","755,5","754,5","809,9","759,2","839,9","816,6","899,5","969,1","918,8","908,5","1.011,4","956,9","830,6","798,9","858,9","903,3","956,7"
la Salut,Barri,-,-,-,-,-,-,-,-,-,-,-,-,-,-,-,-,-,-,-,-,-,-,-,-,-,-,-,-,-,-,-,-,-,-,-,-,-,-,-,-,-,-,-,-,-,-,-,-,-,-,-,-,-,-,-,-,"634,5","702,3","684,3","655,9","673,2","637,8","743,0","751,7","684,5","773,0","855,9","784,9","841,4","855,7","804,3","741,3","815,6","883,5","870,3","930,1","883,4","899,2","926,4","954,4","939,7","998,5","1.001,2","941,5","859,1","859,2","934,6","899,9","874,3","1.010,3","997,5","940,4","1.011,4","1.075,4","1.118,3","1.187,3","1.220,0","1.080,5","1.083,4","1.193,0","1.018,9","1.044,1","1.159,6"
la Vila de Gràcia,Barri,-,-,-,-,-,-,-,-,-,-,-,-,-,-,-,-,-,-,-,-,-,-,-,-,-,-,-,-,-,-,-,-,-,-,-,-,-,-,-,-,-,-,-,-,-,-,-,-,-,-,-,-,-,-,-,-,"679,8","673,8","691,7","681,3","707,2","726,6","742,0","749,2","764,0","773,7","827,8","829,2","837,1","852,6","867,9","879,8","899,7","913,3","923,4","927,1","933,4","951,2","991,5","975,7","963,6","950,9","956,5","943,2","910,6","881,0","891,6","920,9","986,0","982,6","1.043,4","1.062,0","1.106,9","1.108,1","1.152,8","1.148,1","1.197,7","1.149,0","1.139,4","1.120,7","1.020,6","1.103,2","1.114,5"
el Camp d'en Grassot i Gràcia Nova,Barri,-,-,-,-,-,-,-,-,-,-,-,-,-,-,-,-,-,-,-,-,-,-,-,-,-,-,-,-,-,-,-,-,-,-,-,-,-,-,-,-,-,-,-,-,-,-,-,-,-,-,-,-,-,-,-,-,"671,0","665,4","711,1","681,3","701,7","712,6","752,0","735,8","802,7","780,4","805,9","823,7","839,3","872,4","880,0","862,5","884,6","885,4","924,8","945,8","937,3","978,3","996,3","1.017,6","967,9","968,7","958,2","928,8","865,3","880,1","899,7","926,5","957,9","977,8","1.032,5","1.059,0","1.105,1","1.101,9","1.196,2","1.159,6","1.219,5","1.223,6","1.149,7","1.102,3","1.093,7","1.101,9","1.098,7"
Horta-Guinardó,Districte,"320,3","322,7","333,3","362,1","344,5","378,0","387,3","436,6","420,1","423,5","415,0","425,2","444,3","458,2","449,7","495,8","482,2","489,0","510,3","521,4","529,9","545,4","552,8","579,8","621,3","634,3","629,1","636,1","642,4","657,3","661,0","680,8","688,3","725,5","731,7","727,9","719,9","691,1","686,9","671,3","662,6","647,7","660,7","640,9","641,3","641,9","636,7","627,5","618,9","608,4","604,0","592,9","579,3","568,9","556,8","560,2","557,1","560,6","564,1","573,1","574,5","580,3","586,6","602,6","611,7","614,1","647,6","684,3","685,6","695,0","724,2","719,1","736,7","734,2","762,6","752,6","776,6","785,7","805,2","812,3","818,4","810,3","811,4","764,0","761,0","763,8","779,3","771,6","762,1","804,8","844,9","865,7","880,9","909,2","922,1","960,6","973,2","915,9","890,6","906,3","890,4","889,5","918,7"
el Baix Guinardó,Barri,-,-,-,-,-,-,-,-,-,-,-,-,-,-,-,-,-,-,-,-,-,-,-,-,-,-,-,-,-,-,-,-,-,-,-,-,-,-,-,-,-,-,-,-,-,-,-,-,-,-,-,-,-,-,-,-,"622,6","610,9","613,2","638,6","653,2","631,0","636,0","649,1","696,7","642,9","718,5","747,3","743,9","756,1","804,3","773,0","832,6","817,4","839,5","827,0","859,1","866,8","902,2","897,7","920,8","916,1","901,0","845,6","817,3","820,2","836,3","821,0","834,7","903,9","948,7","954,2","1.015,3","1.052,6","1.022,7","1.020,9","1.042,6","1.038,6","982,1","1.008,3","998,1","956,6","990,6"
Can Baró,Barri,-,-,-,-,-,-,-,-,-,-,-,-,-,-,-,-,-,-,-,-,-,-,-,-,-,-,-,-,-,-,-,-,-,-,-,-,-,-,-,-,-,-,-,-,-,-,-,-,-,-,-,-,-,-,-,-,"568,9","525,0","536,0","545,1","521,1","539,6","586,0","550,5","595,9","632,0","645,7","658,7","637,3","710,2","698,0","693,6","721,5","737,4","766,8","727,0","791,2","764,5","762,5","755,9","816,4","739,3","848,5","716,3","741,1","773,5","753,7","757,7","737,6","812,4","831,9","847,4","907,0","885,8","826,8","943,6","967,3","881,0","918,7","890,5","899,0","786,5","829,5"
el Guinardó,Barri,-,-,-,-,-,-,-,-,-,-,-,-,-,-,-,-,-,-,-,-,-,-,-,-,-,-,-,-,-,-,-,-,-,-,-,-,-,-,-,-,-,-,-,-,-,-,-,-,-,-,-,-,-,-,-,-,"586,5","564,1","585,4","590,3","601,1","596,1","620,0","631,0","646,8","634,8","679,4","705,7","722,7","722,3","739,7","759,1","736,8","758,6","797,8","796,4","789,8","825,0","819,7","843,1","841,0","860,4","825,8","786,5","791,7","818,2","823,6","802,6","801,7","810,0","872,6","899,4","913,7","953,2","971,0","1.030,5","1.023,1","970,1","918,2","968,5","911,1","924,7","973,0"
la Font d'en Fargues,Barri,-,-,-,-,-,-,-,-,-,-,-,-,-,-,-,-,-,-,-,-,-,-,-,-,-,-,-,-,-,-,-,-,-,-,-,-,-,-,-,-,-,-,-,-,-,-,-,-,-,-,-,-,-,-,-,-,"585,5","772,4","703,1","784,4","733,8","749,2","611,0","775,3","749,8","689,7","675,7","761,3","812,9","721,5","922,8","822,8","824,1","756,7","876,6","840,5","796,5","1.044,0","880,2","850,9","928,3","997,3","926,5","856,4","795,0","817,7","817,3","835,3","784,7","840,1","880,3","1.013,9","962,1","1.093,6","1.030,8","1.126,2","1.126,1","1.127,3","1.071,9","1.033,5","981,0","986,0","1.226,6"
el Carmel,Barri,-,-,-,-,-,-,-,-,-,-,-,-,-,-,-,-,-,-,-,-,-,-,-,-,-,-,-,-,-,-,-,-,-,-,-,-,-,-,-,-,-,-,-,-,-,-,-,-,-,-,-,-,-,-,-,-,"478,7","495,0","498,8","506,3","485,7","504,6","528,0","528,8","518,2","550,3","557,6","597,1","597,1","597,6","610,1","609,1","634,7","637,2","654,8","653,2","670,6","666,9","703,3","700,2","707,9","682,8","706,0","651,4","668,8","667,6","679,3","683,8","671,3","725,8","753,2","754,1","759,7","769,8","769,7","814,4","853,8","767,2","768,7","785,5","765,2","777,2","785,4"
la Teixonera,Barri,-,-,-,-,-,-,-,-,-,-,-,-,-,-,-,-,-,-,-,-,-,-,-,-,-,-,-,-,-,-,-,-,-,-,-,-,-,-,-,-,-,-,-,-,-,-,-,-,-,-,-,-,-,-,-,-,"492,8","476,9","469,8","506,8","505,0","547,2","498,0","527,5","513,5","544,6","570,1","672,6","663,9","671,9","643,7","616,3","690,8","682,4","705,6","721,2","704,4","725,9","773,7","747,3","741,3","695,6","748,5","679,0","716,1","713,8","686,3","739,7","723,9","786,5","810,5","788,6","810,7","818,7","889,1","881,7","934,1","857,0","800,1","841,8","853,6","871,7","846,1"
Sant Genís dels Agudells,Barri,-,-,-,-,-,-,-,-,-,-,-,-,-,-,-,-,-,-,-,-,-,-,-,-,-,-,-,-,-,-,-,-,-,-,-,-,-,-,-,-,-,-,-,-,-,-,-,-,-,-,-,-,-,-,-,-,"557,0","568,8","542,5","550,5","543,3","558,5","554,0","545,8","616,4","592,4","603,8","623,6","622,3","680,8","713,4","672,7","648,1","646,8","660,9","666,9","759,2","705,1","756,0","740,2","698,9","791,3","787,4","671,7","700,5","653,5","785,6","675,7","706,4","720,3","759,0","755,0","831,0","782,4","863,8","816,2","796,4","799,7","836,2","775,9","822,2","831,5","777,0"
Montbau,Barri,-,-,-,-,-,-,-,-,-,-,-,-,-,-,-,-,-,-,-,-,-,-,-,-,-,-,-,-,-,-,-,-,-,-,-,-,-,-,-,-,-,-,-,-,-,-,-,-,-,-,-,-,-,-,-,-,"537,9","535,9","578,5","544,5","608,9","621,8","626,0","654,1","614,8","635,1","646,4","668,5","716,4","677,1","749,0","754,7","717,8","716,2","763,8","751,0","780,4","802,4","792,4","798,5","788,1","758,9","770,2","798,3","741,4","729,9","745,9","744,2","736,1","750,7","853,5","845,0","856,8","890,4","880,9","950,0","957,8","866,5","903,9","880,6","888,0","854,8","929,0"
la Vall d'Hebron,Barri,-,-,-,-,-,-,-,-,-,-,-,-,-,-,-,-,-,-,-,-,-,-,-,-,-,-,-,-,-,-,-,-,-,-,-,-,-,-,-,-,-,-,-,-,-,-,-,-,-,-,-,-,-,-,-,-,"737,7","675,6","715,0","672,2","740,0","701,4","655,0","689,8","692,4","786,3","796,9","778,7","816,1","819,1","805,9","865,4","874,2","864,7","822,3","876,6","870,2","796,6","830,0","954,5","963,4","879,2","830,0","817,1","827,0","884,2","878,1","859,1","888,9","865,3","907,3","928,7","927,0","914,3","943,2","1.031,8","1.030,9","1.025,4","1.025,3","1.046,4","922,1","1.025,3","978,0"
la Clota,Barri,-,-,-,-,-,-,-,-,-,-,-,-,-,-,-,-,-,-,-,-,-,-,-,-,-,-,-,-,-,-,-,-,-,-,-,-,-,-,-,-,-,-,-,-,-,-,-,-,-,-,-,-,-,-,-,-,-,-,-,-,-,-,"368,0",-,-,-,-,-,-,-,-,-,-,-,-,-,-,-,-,-,-,-,-,-,-,-,-,-,-,-,-,-,-,-,-,-,-,"1.152,1",-,-,-,"1.225,2",-
Horta,Barri,-,-,-,-,-,-,-,-,-,-,-,-,-,-,-,-,-,-,-,-,-,-,-,-,-,-,-,-,-,-,-,-,-,-,-,-,-,-,-,-,-,-,-,-,-,-,-,-,-,-,-,-,-,-,-,-,"556,3","566,7","562,9","585,6","585,5","568,3","572,0","594,2","601,3","620,1","634,4","668,7","669,9","708,7","704,6","708,9","748,2","742,5","754,5","745,4","777,0","760,6","788,6","802,5","815,7","767,6","788,0","747,5","747,4","734,9","754,9","760,4","740,3","794,2","814,1","863,9","854,8","881,1","894,4","961,5","1.002,5","894,2","868,1","870,0","894,5","883,0","906,5"
Nou Barris,Districte,"312,9","344,6","333,0","339,0","341,6","358,0","355,6","418,1","474,3","390,7","420,4","421,0","418,4","425,6","443,4","460,9","465,2","452,5","486,8","485,1","479,0","540,2","531,6","502,7","596,9","547,3","586,3","600,4","584,3","629,2","667,2","653,1","652,9","670,8","686,9","695,4","680,9","660,2","636,6","641,6","634,9","619,9","619,1","613,9","615,2","610,7","612,7","599,2","576,3","555,6","538,8","536,8","525,4","516,6","507,3","505,7","489,8","497,2","489,5","520,8","504,1","513,2","521,7","534,1","530,8","548,7","564,0","600,3","615,7","605,7","630,8","646,5","651,9","670,3","680,9","694,1","695,0","704,7","702,2","715,8","695,9","703,8","735,5","688,4","679,2","680,4","681,6","697,3","680,8","714,0","748,6","774,2","762,5","796,2","804,8","832,7","829,6","798,1","767,1","778,1","769,7","801,1","817,8"
Vilapicina i la Torre Llobeta,Barri,-,-,-,-,-,-,-,-,-,-,-,-,-,-,-,-,-,-,-,-,-,-,-,-,-,-,-,-,-,-,-,-,-,-,-,-,-,-,-,-,-,-,-,-,-,-,-,-,-,-,-,-,-,-,-,-,"555,9","573,2","567,3","579,1","561,6","583,1","581,0","615,1","618,6","617,0","640,5","684,2","687,4","699,8","750,4","723,3","720,9","726,9","742,8","782,9","758,5","773,7","792,2","801,8","789,9","803,2","842,0","751,8","736,5","754,4","747,5","803,7","767,0","855,5","838,6","838,4","872,8","899,2","924,5","934,4","950,4","935,7","863,1","873,9","872,7","892,5","882,9"
Porta,Barri,-,-,-,-,-,-,-,-,-,-,-,-,-,-,-,-,-,-,-,-,-,-,-,-,-,-,-,-,-,-,-,-,-,-,-,-,-,-,-,-,-,-,-,-,-,-,-,-,-,-,-,-,-,-,-,-,"523,3","517,1","522,7","552,6","545,9","556,5","542,0","577,5","536,7","574,4","617,2","672,6","654,6","641,0","670,4","682,8","675,1","713,9","712,1","723,3","722,8","775,3","749,2","756,8","690,4","725,9","759,3","723,6","707,2","698,5","712,8","740,4","718,5","728,5","765,7","808,0","811,5","841,2","842,1","855,1","860,2","835,5","827,9","814,8","803,8","817,8","851,5"
el Turó de la Peira,Barri,-,-,-,-,-,-,-,-,-,-,-,-,-,-,-,-,-,-,-,-,-,-,-,-,-,-,-,-,-,-,-,-,-,-,-,-,-,-,-,-,-,-,-,-,-,-,-,-,-,-,-,-,-,-,-,-,"475,1","461,2","459,4","501,1","456,0","485,4","509,0","555,2","537,9","547,7","538,1","582,1","587,0","600,8","613,8","653,5","665,4","668,2","682,7","692,1","685,3","702,4","690,0","710,7","686,4","721,3","712,8","681,3","687,2","671,8","681,8","691,9","662,8","709,8","760,5","781,2","712,1","781,8","767,7","811,4","830,8","792,9","770,0","745,1","732,3","736,0","771,2"
Can Peguera,Barri,-,-,-,-,-,-,-,-,-,-,-,-,-,-,-,-,-,-,-,-,-,-,-,-,-,-,-,-,-,-,-,-,-,-,-,-,-,-,-,-,-,-,-,-,-,-,-,-,-,-,-,-,-,-,-,-,"242,0","295,4","145,4",-,-,-,-,-,-,-,-,"301,8",-,"407,2",-,-,-,-,-,-,-,-,-,-,-,-,-,-,-,-,-,-,-,-,-,-,-,-,-,-,-,-,-,"548,8","336,9",-,-
la Guineueta,Barri,-,-,-,-,-,-,-,-,-,-,-,-,-,-,-,-,-,-,-,-,-,-,-,-,-,-,-,-,-,-,-,-,-,-,-,-,-,-,-,-,-,-,-,-,-,-,-,-,-,-,-,-,-,-,-,-,"613,6","613,1","607,7","620,8","626,2","562,5","555,0","538,1","589,2","614,0","632,3","666,8","634,5","632,4","625,2","693,4","685,1","724,3","732,9","708,4","751,0","723,1","721,1","783,0","735,4","686,6","771,4","750,2","691,6","698,3","653,2","664,2","644,7","748,8","816,0","825,4","880,0","833,9","816,7","851,5","920,5","831,5","840,9","920,8","859,2","919,0","920,4"
Canyelles,Barri,-,-,-,-,-,-,-,-,-,-,-,-,-,-,-,-,-,-,-,-,-,-,-,-,-,-,-,-,-,-,-,-,-,-,-,-,-,-,-,-,-,-,-,-,-,-,-,-,-,-,-,-,-,-,-,-,"563,3","474,3","532,7","566,4",-,"575,8","558,0","598,0","619,9","621,4","648,8","617,5","689,6","677,5","701,5","656,2","714,7","661,9","715,5","774,4","791,9","756,4","714,4","722,5","778,0",-,"833,3","756,1","762,5","673,8","769,9","763,3","655,0","851,3",-,"866,9","822,8","845,6","737,0","897,1","1.006,7","792,0","909,8","851,4","800,8","769,8","771,3"
les Roquetes,Barri,-,-,-,-,-,-,-,-,-,-,-,-,-,-,-,-,-,-,-,-,-,-,-,-,-,-,-,-,-,-,-,-,-,-,-,-,-,-,-,-,-,-,-,-,-,-,-,-,-,-,-,-,-,-,-,-,"461,3","448,6","444,3","450,4","461,9","466,9","476,0","448,6","455,7","475,4","512,3","523,0","504,3","506,0","560,6","565,2","605,4","575,7","638,1","595,8","636,1","625,3","612,3","610,5","636,8","633,8","627,0","651,3","643,6","608,7","628,7","605,5","641,2","632,9","676,1","711,3","693,5","728,7","747,0","789,0","819,5","693,6","692,6","661,4","676,4","714,7","717,1"
Verdun,Barri,-,-,-,-,-,-,-,-,-,-,-,-,-,-,-,-,-,-,-,-,-,-,-,-,-,-,-,-,-,-,-,-,-,-,-,-,-,-,-,-,-,-,-,-,-,-,-,-,-,-,-,-,-,-,-,-,"503,5","465,6","485,0","502,4","469,8","419,8","506,0","503,3","539,6","526,2","495,5","565,9","595,5","579,7","593,6","600,4","624,7","628,8","618,9","649,2","633,2","653,3","696,1","668,7","675,4","603,9","692,2","644,4","631,6","648,9","666,6","647,7","652,7","609,0","660,1","675,8","683,9","770,9","761,8","830,0","713,4","759,2","685,8","695,9","701,7","806,2","821,1"
la Prosperitat,Barri,-,-,-,-,-,-,-,-,-,-,-,-,-,-,-,-,-,-,-,-,-,-,-,-,-,-,-,-,-,-,-,-,-,-,-,-,-,-,-,-,-,-,-,-,-,-,-,-,-,-,-,-,-,-,-,-,"521,8","501,4","479,5","516,0","515,5","531,3","544,0","528,7","518,0","550,3","584,5","589,2","624,6","617,6","625,7","641,2","634,3","657,4","667,7","698,1","677,4","673,7","696,3","692,5","714,8","707,8","712,1","673,8","671,8","680,9","669,5","683,9","687,2","693,3","731,3","779,7","768,0","797,1","783,7","795,2","837,4","779,8","752,3","784,9","794,3","822,0","806,6"
la Trinitat Nova,Barri,-,-,-,-,-,-,-,-,-,-,-,-,-,-,-,-,-,-,-,-,-,-,-,-,-,-,-,-,-,-,-,-,-,-,-,-,-,-,-,-,-,-,-,-,-,-,-,-,-,-,-,-,-,-,-,-,"442,9","449,3","416,7","421,0","433,8","456,7","466,0","438,9","423,2","450,9","419,5","438,6","540,7","533,3","538,4","551,2","592,7","574,1","584,7","575,4","612,3","640,2","617,9","561,4","565,8","623,8","583,8","600,2","605,0","598,6","610,4","557,0","591,0","574,9","661,4","673,2","625,9","662,3","653,7","696,4","747,3","721,8","689,3","679,5","676,9","575,9","615,0"
Torre Baró,Barri,-,-,-,-,-,-,-,-,-,-,-,-,-,-,-,-,-,-,-,-,-,-,-,-,-,-,-,-,-,-,-,-,-,-,-,-,-,-,-,-,-,-,-,-,-,-,-,-,-,-,-,-,-,-,-,-,-,"320,2",-,-,-,"420,6",-,"366,7","392,4","447,0",-,"416,4","418,1",-,"463,2","448,2",-,"434,5",-,-,-,-,-,-,"452,0",-,-,-,-,-,-,-,-,-,"552,7",-,"491,9",-,-,-,"417,5","453,1","526,8",-,"530,3",-,-
Ciutat Meridiana,Barri,-,-,-,-,-,-,-,-,-,-,-,-,-,-,-,-,-,-,-,-,-,-,-,-,-,-,-,-,-,-,-,-,-,-,-,-,-,-,-,-,-,-,-,-,-,-,-,-,-,-,-,-,-,-,-,-,"359,3","406,2","372,4","360,9","401,2","399,2","381,0","400,3","344,3","428,0","373,1","446,1","459,2","436,2","423,1","425,5","507,2","491,8","514,3","514,5","575,4","559,8","532,6","572,9","546,1","508,4","572,4","514,1","520,2","488,1","547,7","546,8","517,7","577,3","575,3","580,1","607,8","593,4","624,8","627,9","620,2","618,8","627,2","655,1","565,4","537,1","811,5"
Vallbona,Barri,-,-,-,-,-,-,-,-,-,-,-,-,-,-,-,-,-,-,-,-,-,-,-,-,-,-,-,-,-,-,-,-,-,-,-,-,-,-,-,-,-,-,-,-,-,-,-,-,-,-,-,-,-,-,-,-,-,-,-,-,-,"450,0",-,-,"418,0",-,-,-,-,"302,5",-,-,-,-,-,-,-,-,-,-,-,-,-,-,-,-,-,-,-,-,-,-,-,-,-,-,-,-,-,-,-,-,-
Sant Andreu (Distrito),-,"312,7","328,1","361,5","353,8","379,3","374,6","384,2","398,8","440,2","421,0","428,5","437,7","440,8","442,4","472,4","490,4","486,9","522,2","516,1","507,0","537,8","584,7","544,0","603,0","615,4","613,7","640,0","550,0","642,1","649,7","715,7","705,6","718,1","685,3","743,6","747,0","738,1","709,9","690,8","693,7","689,0","677,1","659,3","667,1","661,6","657,1","659,1","656,1","652,8","616,5","613,4","624,5","599,0","582,1","558,7","576,0","577,6","561,0","577,1","584,6","594,5","598,1","624,0","627,5","606,0","635,4","651,6","688,1","659,9","695,5","726,7","735,6","736,4","755,4","775,3","781,7","787,9","787,6","798,8","810,8","790,6","819,8","811,1","781,4","757,8","757,8","768,8","772,5","779,1","794,6","846,4","893,5","878,5","876,6","940,7","958,7","939,9","941,6","895,2","897,0","902,1","942,7","867,4"
la Trinitat Vella,Barri,-,-,-,-,-,-,-,-,-,-,-,-,-,-,-,-,-,-,-,-,-,-,-,-,-,-,-,-,-,-,-,-,-,-,-,-,-,-,-,-,-,-,-,-,-,-,-,-,-,-,-,-,-,-,-,-,"461,1","407,3","419,1","400,8","383,6","465,0","449,0","455,9","422,4","483,2","459,8","552,8","497,8","434,9","532,3","535,9","589,0","598,3","597,9","564,6","601,2","614,7","569,9","622,3","605,0","701,0","668,5","610,0","625,1","592,4","585,0","626,6","616,9","620,0","668,0","678,2","692,6","674,7","708,8","770,3","724,0","760,5","677,8","552,5","632,3","687,8","703,4"
Baró de Viver,Barri,-,-,-,-,-,-,-,-,-,-,-,-,-,-,-,-,-,-,-,-,-,-,-,-,-,-,-,-,-,-,-,-,-,-,-,-,-,-,-,-,-,-,-,-,-,-,-,-,-,-,-,-,-,-,-,-,-,"231,4",-,-,"303,8","362,9","187,0",-,"142,3",-,"256,4",-,-,-,-,-,-,-,-,"673,7",-,-,-,-,"584,1",-,-,-,-,"447,5",-,"616,7",-,-,-,-,-,-,-,-,-,-,-,-,-,"536,5",-
el Bon Pastor,Barri,-,-,-,-,-,-,-,-,-,-,-,-,-,-,-,-,-,-,-,-,-,-,-,-,-,-,-,-,-,-,-,-,-,-,-,-,-,-,-,-,-,-,-,-,-,-,-,-,-,-,-,-,-,-,-,-,"488,1","476,3","503,9","514,6","504,3","526,1","577,0","539,3","472,4","588,2","558,4","555,1","622,8","647,7","653,7","577,0","658,6","687,6","693,7","696,1","705,8","659,2","654,3","713,4","725,8","759,5","738,0","688,9","658,9","741,9","644,1","696,8","702,6","732,6","776,8","749,1","691,4","601,4","842,1","839,3","679,2","803,7","644,7","772,1","723,9","1.057,1","640,9"
Sant Andreu (Barrio),-,-,-,-,-,-,-,-,-,-,-,-,-,-,-,-,-,-,-,-,-,-,-,-,-,-,-,-,-,-,-,-,-,-,-,-,-,-,-,-,-,-,-,-,-,-,-,-,-,-,-,-,-,-,-,-,-,"581,2","573,1","593,2","557,1","586,0","609,6","631,0","622,9","624,8","663,3","658,5","690,6","708,6","728,1","744,7","751,9","744,8","752,7","777,1","782,1","795,3","800,9","805,0","819,3","798,9","835,3","825,9","794,0","762,5","757,2","792,9","754,0","800,9","788,2","855,6","840,7","868,8","883,9","945,0","956,1","957,5","927,1","884,6","911,7","907,1","901,8","818,4"
la Sagrera,Barri,-,-,-,-,-,-,-,-,-,-,-,-,-,-,-,-,-,-,-,-,-,-,-,-,-,-,-,-,-,-,-,-,-,-,-,-,-,-,-,-,-,-,-,-,-,-,-,-,-,-,-,-,-,-,-,-,"626,3","622,7","570,4","616,3","619,2","608,6","637,0","682,4","658,1","620,0","670,2","709,1","575,2","656,7","692,5","732,2","734,4","798,4","783,1","798,3","807,6","807,5","827,1","829,1","777,2","809,5","795,0","766,6","759,3","737,4","772,8","798,6","751,5","803,5","850,7","1.022,5","961,4","925,7","985,0","1.013,3","1.016,5","1.023,5","987,3","1.007,4","975,1","1.025,9","966,4"
el Congrés i els Indians,Barri,-,-,-,-,-,-,-,-,-,-,-,-,-,-,-,-,-,-,-,-,-,-,-,-,-,-,-,-,-,-,-,-,-,-,-,-,-,-,-,-,-,-,-,-,-,-,-,-,-,-,-,-,-,-,-,-,"563,4","556,3","596,6","607,8","595,4","594,3","636,0","618,9","613,7","635,8","691,9","662,3","696,0","724,3","761,2","742,9","754,1","751,2","787,8","804,7","772,3","782,7","805,9","816,7","815,5","788,2","834,2","779,4","756,9","791,3","751,9","799,2","795,8","784,3","869,1","876,2","864,4","920,2","982,6","966,2","970,5","916,0","923,7","970,2","869,5","920,2","940,5"
Navas,Barri,-,-,-,-,-,-,-,-,-,-,-,-,-,-,-,-,-,-,-,-,-,-,-,-,-,-,-,-,-,-,-,-,-,-,-,-,-,-,-,-,-,-,-,-,-,-,-,-,-,-,-,-,-,-,-,-,"613,5","590,2","635,1","647,8","665,9","650,8","685,0","688,4","665,3","704,4","712,3","768,7","716,8","783,9","790,2","805,1","790,2","797,8","823,7","840,0","855,3","836,9","864,6","856,8","873,0","898,5","858,4","846,3","824,2","827,2","805,3","825,4","847,2","878,4","890,0","918,0","920,1","971,1","964,5","1.056,1","1.041,2","986,9","972,6","954,8","944,0","982,4","990,6"
Sant Martí,Districte,"324,8","326,8","344,8","370,2","363,1","369,0","394,4","447,9","534,1","438,9","460,9","450,2","442,0","468,0","503,9","517,7","499,7","528,1","552,5","543,7","565,2","604,7","604,1","641,1","631,6","700,0","673,1","718,5","719,6","726,8","717,0","757,1","751,4","766,5","789,5","773,7","763,4","719,7","749,2","728,7","735,5","733,3","727,2","716,4","706,7","699,9","709,7","705,4","695,0","696,5","652,4","655,4","641,8","644,2","628,5","635,4","639,9","637,6","635,0","650,1","659,9","694,5","720,1","722,8","724,5","754,0","790,0","812,7","834,2","827,6","849,4","856,3","858,6","900,1","866,1","913,9","905,8","949,4","948,4","963,6","954,1","915,3","934,9","910,9","880,4","855,2","909,7","911,9","908,1","968,0","1.037,3","1.073,8","1.084,3","1.064,7","1.138,1","1.124,0","1.140,3","1.081,8","1.088,2","1.075,1","1.023,6","1.098,6","1.120,3"
el Camp de l'Arpa del Clot,Barri,-,-,-,-,-,-,-,-,-,-,-,-,-,-,-,-,-,-,-,-,-,-,-,-,-,-,-,-,-,-,-,-,-,-,-,-,-,-,-,-,-,-,-,-,-,-,-,-,-,-,-,-,-,-,-,-,"580,1","592,6","604,8","615,6","615,5","624,2","669,0","660,7","659,6","690,8","715,5","720,4","756,6","765,7","797,7","789,6","785,9","807,0","827,4","851,6","845,3","844,3","879,5","857,9","887,3","853,8","894,2","817,7","814,5","795,6","830,8","842,1","841,5","875,1","916,3","944,6","957,1","960,9","1.017,8","1.010,5","1.021,7","979,8","975,2","942,9","937,7","982,4","1.000,6"
el Clot,Barri,-,-,-,-,-,-,-,-,-,-,-,-,-,-,-,-,-,-,-,-,-,-,-,-,-,-,-,-,-,-,-,-,-,-,-,-,-,-,-,-,-,-,-,-,-,-,-,-,-,-,-,-,-,-,-,-,"604,8","641,1","607,6","643,7","618,6","637,0","673,0","672,1","645,4","688,9","708,8","728,9","775,0","740,9","775,3","777,2","774,3","815,8","815,1","835,5","828,8","829,4","899,1","871,6","865,8","890,9","869,1","870,8","853,6","786,4","822,2","833,8","861,2","884,0","936,4","935,3","990,5","1.030,5","1.000,0","1.105,3","1.085,7","1.015,1","993,0","1.012,8","939,5","1.022,0","943,6"
el Parc i la Llacuna del Poblenou,Barri,-,-,-,-,-,-,-,-,-,-,-,-,-,-,-,-,-,-,-,-,-,-,-,-,-,-,-,-,-,-,-,-,-,-,-,-,-,-,-,-,-,-,-,-,-,-,-,-,-,-,-,-,-,-,-,-,"704,7","678,2","739,9","634,1","722,2","755,4","774,0","737,3","799,6","759,1","839,1","886,7","850,7","907,1","905,2","916,3","916,3","1.198,8","897,7","938,6","950,8","1.066,6","959,6","1.072,8","969,1","975,7","1.006,3","952,2","927,5","911,1","1.024,4","1.040,7","1.089,2","1.173,2","1.169,3","1.168,4","1.210,6","1.226,2","1.220,5","1.328,7","1.323,1","1.125,0","1.096,5","1.093,2","1.152,2","1.377,2","1.304,0"
la Vila Olímpica del Poblenou,Barri,-,-,-,-,-,-,-,-,-,-,-,-,-,-,-,-,-,-,-,-,-,-,-,-,-,-,-,-,-,-,-,-,-,-,-,-,-,-,-,-,-,-,-,-,-,-,-,-,-,-,-,-,-,-,-,-,"926,4","988,9","1.121,1","991,1","1.093,1","1.116,3","1.173,0","1.015,1","1.136,0","1.151,5","1.142,8","1.285,6","1.108,4","1.345,6","1.189,3","1.349,8","1.272,3","1.288,9","1.284,3","1.292,2","1.304,0","1.444,6","1.332,4","1.357,8","1.427,5","1.446,1","1.346,7","1.332,4","1.298,9","1.248,6","1.343,1","1.364,7","1.305,0","1.442,6","1.499,5","1.484,3","1.472,4","1.552,7","1.481,3","1.471,6","1.660,0","1.370,9","1.695,1","1.899,8","1.669,0","1.603,3","1.614,8"
el Poblenou,Barri,-,-,-,-,-,-,-,-,-,-,-,-,-,-,-,-,-,-,-,-,-,-,-,-,-,-,-,-,-,-,-,-,-,-,-,-,-,-,-,-,-,-,-,-,-,-,-,-,-,-,-,-,-,-,-,-,"663,9","644,0","652,2","658,0","682,8","711,5","764,0","773,5","719,1","785,1","828,6","840,8","868,9","899,9","917,9","911,1","913,3","961,0","1.006,8","970,6","952,5","996,7","1.024,3","1.051,3","1.037,0","987,1","1.006,9","974,7","928,5","912,4","971,3","970,7","967,9","1.085,6","1.104,2","1.155,3","1.111,3","1.152,0","1.211,3","1.234,3","1.307,2","1.210,8","1.151,6","1.141,9","1.140,0","1.192,6","1.181,8"
Diagonal Mar i el Front Marítim del Poblenou,Barri,-,-,-,-,-,-,-,-,-,-,-,-,-,-,-,-,-,-,-,-,-,-,-,-,-,-,-,-,-,-,-,-,-,-,-,-,-,-,-,-,-,-,-,-,-,-,-,-,-,-,-,-,-,-,-,-,"866,7","817,9","896,4","1.130,3","914,8","981,9","1.023,0","1.211,0","1.004,5","1.116,1","1.268,5","1.181,2","1.148,2","965,4","1.093,3","1.233,0","1.164,8","1.371,1","818,6","1.307,8","1.231,2","1.388,1","1.409,4","1.498,6","1.233,2","840,9","1.074,4","1.392,6","978,4","948,3","1.162,9","1.205,3","964,7","1.238,7","1.354,9","1.473,7","1.488,1","1.400,6","1.288,5","1.319,5","1.294,8","1.304,8","1.392,7","1.517,9","1.626,5","1.817,3","1.867,2"
el Besòs i el Maresme,Barri,-,-,-,-,-,-,-,-,-,-,-,-,-,-,-,-,-,-,-,-,-,-,-,-,-,-,-,-,-,-,-,-,-,-,-,-,-,-,-,-,-,-,-,-,-,-,-,-,-,-,-,-,-,-,-,-,"516,9","480,7","423,4","504,2","512,9","506,0","516,0","492,1","506,7","521,1","556,5","571,6","588,9","606,6","625,1","621,3","682,3","649,2","699,1","711,7","694,8","844,5","728,3","693,8","749,7","696,9","801,5","731,6","704,2","700,8","736,1","700,5","796,9","779,2","761,4","780,5","807,6","746,9","794,7","774,4","853,4","920,9","870,3","755,4","715,3","722,0","813,2"
Provençals del Poblenou,Barri,-,-,-,-,-,-,-,-,-,-,-,-,-,-,-,-,-,-,-,-,-,-,-,-,-,-,-,-,-,-,-,-,-,-,-,-,-,-,-,-,-,-,-,-,-,-,-,-,-,-,-,-,-,-,-,-,"635,7","643,5","630,3","649,2","612,1","670,4","679,0","685,3","758,8","727,8","856,6","987,2","999,6","941,2","933,9","864,1","957,0","913,7","928,0","999,6","959,2","960,1","996,4","1.013,6","1.000,1","1.076,6","956,8","859,9","976,7","884,8","962,7","977,8","939,2","1.032,9","1.059,4","1.062,4","1.170,5","1.204,2","1.091,7","1.152,2","1.123,1","1.158,8","1.229,8","1.069,4","1.023,8","1.145,0","1.100,7"
Sant Martí de Provençals,Barri,-,-,-,-,-,-,-,-,-,-,-,-,-,-,-,-,-,-,-,-,-,-,-,-,-,-,-,-,-,-,-,-,-,-,-,-,-,-,-,-,-,-,-,-,-,-,-,-,-,-,-,-,-,-,-,-,"643,7","641,8","614,5","636,3","662,3","697,3","672,0","666,8","688,5","679,3","716,2","720,7","742,1","750,7","776,1","790,6","751,5","797,5","803,5","823,5","840,2","844,1","829,7","835,7","863,0","854,3","822,4","807,4","794,6","799,7","804,2","826,2","796,4","843,0","1.158,9","998,0","925,3","960,9","997,7","1.017,0","1.028,0","1.023,5","914,7","1.032,2","1.018,6","1.046,8","946,9"
la Verneda i la Pau,Barri,-,-,-,-,-,-,-,-,-,-,-,-,-,-,-,-,-,-,-,-,-,-,-,-,-,-,-,-,-,-,-,-,-,-,-,-,-,-,-,-,-,-,-,-,-,-,-,-,-,-,-,-,-,-,-,-,"568,7","569,1","569,8","552,6","609,2","595,4","633,0","602,2","597,9","613,2","617,0","591,9","677,9","671,9","712,0","692,7","715,4","719,5","767,1","756,1","764,6","798,1","770,2","781,0","765,3","767,5","782,4","765,9","740,8","728,2","752,9","752,0","733,9","757,0","775,8","1.112,1","1.148,4","991,1","996,8","1.002,7","1.001,3","967,9","1.022,5","1.011,5","841,7","822,6","1.011,6"